<?xml version="1.0" encoding="UTF-8"?>
<beans xmlns="http://www.springframework.org/schema/beans"
	xmlns:xsi="http://www.w3.org/2001/XMLSchema-instance"
	xmlns:p="http://www.springframework.org/schema/p"
	xmlns:tx="http://www.springframework.org/schema/tx"
	xmlns:mvc="http://www.springframework.org/schema/mvc"
	xmlns:util="http://www.springframework.org/schema/util"
	xmlns:context="http://www.springframework.org/schema/context"
	xsi:schemaLocation="http://www.springframework.org/schema/beans
 http://www.springframework.org/schema/beans/spring-beans.xsd
 http://www.springframework.org/schema/context
 http://www.springframework.org/schema/context/spring-context.xsd
 http://www.springframework.org/schema/tx
 http://www.springframework.org/schema/tx/spring-tx.xsd
 http://www.springframework.org/schema/mvc
 http://www.springframework.org/schema/mvc/spring-mvc.xsd">

	<context:component-scan base-package="springmvcprojcontroller" />
	<tx:annotation-driven/>
	<mvc:annotation-driven/>
    <mvc:resources location="/springmvcproj/src/main/resources/images/" mapping="/resources/**"/>
	<bean
		class="org.springframework.web.servlet.view.InternalResourceViewResolver"
		name="ViewResolver">

		<property name="prefix" value="/WEB-INF/views/"></property>
		<property name="suffix" value=".jsp"></property>

	</bean>
	
	
<bean
		class="org.springframework.jdbc.datasource.DriverManagerDataSource"
		name="ds">

		<property name="driverClassName"
			value="com.mysql.jdbc.Driver" />
		<property name="url"
			value="jdbc:mysql://localhost:3306/spark" />
		<property name="username" value="root" />
		<property name="password" value="root"></property>

	</bean>



	<bean
		class="org.springframework.orm.hibernate5.LocalSessionFactoryBean"
		name="factory">

		<!-- data source -->
		<property name="dataSource" ref="ds"></property>

		<!-- hibernate properties -->
		<property name="hibernateProperties">
			<props>
				<prop key="hibernate.dialect">org.hibernate.dialect.MySQL57Dialect</prop>
				<prop key="hibernate.show_sql">true</prop>
				<prop key="hibernate.hbm2ddl.auto">update</prop>
			</props>
		</property>

		<!-- annotated classes -->
		<property name="annotatedClasses">
			<list>
				<value>
					springmvcprojmodel.product
				</value>
			</list>
		</property>

	</bean>


	<bean
		class=" org.springframework.orm.hibernate5.HibernateTemplate"
		name="hibernateTemplate">
		<property name="sessionFactory" ref="factory"></property>

	</bean>




	<bean class="springmvcprojdao.productdao" name="productdao">
		<property name="hibernatetemplate" ref="hibernateTemplate"></property>
		
	</bean>


	<bean
		class="org.springframework.orm.hibernate5.HibernateTransactionManager"
		name="transactionManager">
		<property name="sessionFactory" ref="factory"></property>
	</bean>


</beans>